{
  "project_info": {
    "project_number": "154256207384",
    "project_id": "flutterprojecttecnical",
    "storage_bucket": "flutterprojecttecnical.appspot.com"
  },
  "client": [
    {
      "client_info": {
        "mobilesdk_app_id": "1:154256207384:android:8b12c612794c0fee041d6d",
        "android_client_info": {
          "package_name": "com.example.firebaseflutterproject"
        }
      },
      "oauth_client": [],
      "api_key": [
        {
          "current_key": "AIzaSyC9n4uK2bIi5mulJIHaMz0MviVf_k9tGD4"
        }
      ],
      "services": {
        "appinvite_service": {
          "other_platform_oauth_client": []
        }
      }
    },
    {
      "client_info": {
        "mobilesdk_app_id": "1:154256207384:android:5314dd28c247adce041d6d",
        "android_client_info": {
          "package_name": "com.example.flutterprojecttecnical"
        }
      },
      "oauth_client": [],
      "api_key": [
        {
          "current_key": "AIzaSyC9n4uK2bIi5mulJIHaMz0MviVf_k9tGD4"
        }
      ],
      "services": {
        "appinvite_service": {
          "other_platform_oauth_client": []
        }
      }
    }
  ],
  "configuration_version": "1"
}